BEGIN;

TRUNCATE TABLE product_variant_images,
product_images,
product_categories,
product_variants,
blog_posts,
pages,
categories,
products CASCADE;

INSERT INTO
  categories (
    id,
    name,
    slug,
    description,
    status,
    is_featured,
    display_order,
    created_at,
    updated_at
  )
VALUES
  (
    'cat-sacs-a-main',
    'Sacs à Main',
    'sacs-a-main',
    'Des sacs à main artisanaux aux lignes élégantes, pensés pour accompagner le quotidien avec caractère.',
    'active',
    true,
    0,
    now (),
    now ()
  ),
  (
    'cat-sacs-a-bandouliere',
    'Sacs à Bandoulière',
    'sacs-a-bandouliere',
    'Des modèles souples et féminins, pratiques à porter et réalisés avec soin.',
    'active',
    true,
    1,
    now (),
    now ()
  ),
  (
    'cat-mini-sacs',
    'Mini sacs',
    'mini-sacs',
    'Des formats compacts, légers et raffinés pour emporter l''essentiel.',
    'active',
    true,
    2,
    now (),
    now ()
  ),
  (
    'cat-sacs-a-dos',
    'Sacs à dos',
    'sacs-a-dos',
    'Des sacs à dos artisanaux, conçus pour allier confort, tenue et style.',
    'active',
    true,
    3,
    now (),
    now ()
  ),
  (
    'cat-pochettes-trousses',
    'Pochettes & Trousses',
    'pochettes-trousses',
    'Des petits formats utiles et soignés, à glisser dans un sac ou à porter seuls.',
    'active',
    false,
    4,
    now (),
    now ()
  );

INSERT INTO
  products (
    id,
    name,
    slug,
    short_description,
    description,
    product_type,
    status,
    is_featured,
    published_at,
    seo_title,
    seo_description,
    simple_sku,
    simple_price_cents,
    simple_compare_at_cents,
    simple_stock_quantity,
    track_inventory,
    created_at,
    updated_at
  )
VALUES
  (
    'prod-sac-bandouliere-rouge',
    'Sac Bandoulière Rouge',
    'sac-bandouliere-rouge',
    'Sac bandoulière rouge fait main, pratique et élégant.',
    'Un sac bandoulière au format souple, pensé pour le quotidien. Sa silhouette féminine, sa présence visuelle forte et sa fabrication artisanale en font une pièce facile à porter et à remarquer.',
    'simple',
    'published',
    true,
    now (),
    'Sac Bandoulière Rouge',
    'Sac bandoulière rouge fait main, pratique et élégant.',
    'SBR-001',
    6400,
    NULL,
    8,
    true,
    now (),
    now ()
  ),
  (
    'prod-sac-bandouliere-sky',
    'Sac Bandoulière Sky',
    'sac-bandouliere-sky',
    'Sac bandoulière bleu ciel, souple et fonctionnel.',
    'Une version lumineuse et légère du sac bandoulière Creatyss. Une création artisanale pensée pour accompagner les journées avec confort et simplicité.',
    'simple',
    'published',
    true,
    now (),
    'Sac Bandoulière Sky',
    'Sac bandoulière bleu ciel, souple et fonctionnel.',
    'SBS-001',
    6400,
    NULL,
    6,
    true,
    now (),
    now ()
  ),
  (
    'prod-mini-sac-rouge',
    'Mini Sac Rouge',
    'mini-sac-rouge',
    'Mini sac rouge compact, pratique et artisanal.',
    'Un mini sac au format compact, conçu pour emporter l''essentiel sans renoncer à l''élégance. Sa fabrication artisanale et ses finitions soignées lui donnent une présence unique.',
    'simple',
    'published',
    true,
    now (),
    'Mini Sac Rouge',
    'Mini sac rouge compact, pratique et artisanal.',
    'MSR-001',
    5700,
    NULL,
    10,
    true,
    now (),
    now ()
  ),
  (
    'prod-mini-sac-cappadocia',
    'Mini Sac Cappadocia',
    'mini-sac-cappadocia',
    'Mini sac Cappadocia compact, souple et élégant.',
    'Une création légère et raffinée, pensée pour le quotidien. Son format compact et sa ligne douce en font une pièce facile à porter, discrète et singulière.',
    'simple',
    'published',
    true,
    now (),
    'Mini Sac Cappadocia',
    'Mini sac Cappadocia compact, souple et élégant.',
    'MSC-001',
    5700,
    NULL,
    9,
    true,
    now (),
    now ()
  ),
  (
    'prod-mini-sac-santorini',
    'Mini Sac Santorini',
    'mini-sac-santorini',
    'Mini sac Santorini au format compact et soigné.',
    'Un mini sac artisanal au style épuré, imaginé pour celles qui aiment les beaux objets utiles. Une pièce légère, féminine et facile à associer.',
    'simple',
    'published',
    true,
    now (),
    'Mini Sac Santorini',
    'Mini sac Santorini au format compact et soigné.',
    'MSS-001',
    5700,
    NULL,
    7,
    true,
    now (),
    now ()
  ),
  (
    'prod-mini-sac-fuschia',
    'Mini Sac Fuschia',
    'mini-sac-fuschia',
    'Mini sac Fuschia fait main, coloré et compact.',
    'Une pièce vive et expressive, réalisée artisanalement. Son petit format en fait un compagnon pratique, tandis que sa teinte lui donne une vraie personnalité.',
    'simple',
    'published',
    false,
    now (),
    'Mini Sac Fuschia',
    'Mini sac Fuschia fait main, coloré et compact.',
    'MSF-001',
    5000,
    NULL,
    5,
    true,
    now (),
    now ()
  ),
  (
    'prod-mini-sac-safran',
    'Mini Sac Safran',
    'mini-sac-safran',
    'Mini sac Safran artisanal, compact et lumineux.',
    'Un mini sac au ton chaleureux, conçu dans un esprit artisanal et pensé pour emporter les essentiels avec légèreté.',
    'simple',
    'published',
    false,
    now (),
    'Mini Sac Safran',
    'Mini sac Safran artisanal, compact et lumineux.',
    'MSSF-001',
    5700,
    NULL,
    6,
    true,
    now (),
    now ()
  ),
  (
    'prod-sac-a-dos-safran',
    'Sac à Dos Safran',
    'sac-a-dos-safran',
    'Sac à dos Safran fait main, pratique et résistant.',
    'Un sac à dos artisanal pensé pour le quotidien, avec un bon équilibre entre capacité, confort et allure. Une pièce utile, durable et soignée.',
    'simple',
    'published',
    true,
    now (),
    'Sac à Dos Safran',
    'Sac à dos Safran fait main, pratique et résistant.',
    'SDS-001',
    6400,
    NULL,
    4,
    true,
    now (),
    now ()
  ),
  (
    'prod-pochette-plate-magenta',
    'Pochette plate Magenta',
    'pochette-plate-magenta',
    'Pochette plate Magenta, pratique et faite main.',
    'Un petit format souple et utile, parfait pour organiser les essentiels du quotidien avec une touche artisanale.',
    'simple',
    'published',
    false,
    now (),
    'Pochette plate Magenta',
    'Pochette plate Magenta, pratique et faite main.',
    'PPM-001',
    4400,
    NULL,
    8,
    true,
    now (),
    now ()
  ),
  (
    'prod-pochette-plate-safran',
    'Pochette plate Safran',
    'pochette-plate-safran',
    'Pochette plate Safran, légère et artisanale.',
    'Une pochette discrète et soignée, pensée comme un accessoire simple, utile et facile à intégrer au quotidien.',
    'simple',
    'published',
    false,
    now (),
    'Pochette plate Safran',
    'Pochette plate Safran, légère et artisanale.',
    'PPS-001',
    4400,
    NULL,
    8,
    true,
    now (),
    now ()
  ),
  (
    'prod-trousse-mini-sac-rouge',
    'Trousse Mini Sac Rouge',
    'trousse-mini-sac-rouge',
    'Petit format rouge polyvalent, fait main.',
    'Une création textile polyvalente, à mi-chemin entre trousse et mini sac d''appoint. Pratique, légère et facile à vivre.',
    'simple',
    'published',
    false,
    now (),
    'Trousse Mini Sac Rouge',
    'Petit format rouge polyvalent, fait main.',
    'TMSR-001',
    3000,
    NULL,
    12,
    true,
    now (),
    now ()
  ),
  (
    'prod-trousse-mini-sac-curry',
    'Trousse Mini Sac Curry',
    'trousse-mini-sac-curry',
    'Petit format curry artisanal, pratique et léger.',
    'Un petit format artisanal pensé pour le rangement ou les essentiels du quotidien, avec une belle présence matière et une allure simple.',
    'simple',
    'published',
    false,
    now (),
    'Trousse Mini Sac Curry',
    'Petit format curry artisanal, pratique et léger.',
    'TMSC-001',
    3000,
    NULL,
    11,
    true,
    now (),
    now ()
  );

INSERT INTO
  product_variants (
    id,
    product_id,
    name,
    color_name,
    color_hex,
    sku,
    price_cents,
    compare_at_cents,
    stock_quantity,
    track_inventory,
    is_default,
    status,
    sort_order,
    created_at,
    updated_at
  )
VALUES
  (
    'var-sbr-001',
    'prod-sac-bandouliere-rouge',
    'Rouge',
    'Rouge',
    '#B23A48',
    'SBR-001',
    6400,
    NULL,
    8,
    true,
    true,
    'published',
    0,
    now (),
    now ()
  ),
  (
    'var-sbs-001',
    'prod-sac-bandouliere-sky',
    'Sky',
    'Sky',
    '#87BFD8',
    'SBS-001',
    6400,
    NULL,
    6,
    true,
    true,
    'published',
    0,
    now (),
    now ()
  ),
  (
    'var-msr-001',
    'prod-mini-sac-rouge',
    'Rouge',
    'Rouge',
    '#C0392B',
    'MSR-001',
    5700,
    NULL,
    10,
    true,
    true,
    'published',
    0,
    now (),
    now ()
  ),
  (
    'var-msc-001',
    'prod-mini-sac-cappadocia',
    'Cappadocia',
    'Cappadocia',
    '#C97B63',
    'MSC-001',
    5700,
    NULL,
    9,
    true,
    true,
    'published',
    0,
    now (),
    now ()
  ),
  (
    'var-mss-001',
    'prod-mini-sac-santorini',
    'Santorini',
    'Santorini',
    '#5FA8D3',
    'MSS-001',
    5700,
    NULL,
    7,
    true,
    true,
    'published',
    0,
    now (),
    now ()
  ),
  (
    'var-msf-001',
    'prod-mini-sac-fuschia',
    'Fuschia',
    'Fuschia',
    '#D94F8A',
    'MSF-001',
    5000,
    NULL,
    5,
    true,
    true,
    'published',
    0,
    now (),
    now ()
  ),
  (
    'var-mssf-001',
    'prod-mini-sac-safran',
    'Safran',
    'Safran',
    '#D9A441',
    'MSSF-001',
    5700,
    NULL,
    6,
    true,
    true,
    'published',
    0,
    now (),
    now ()
  ),
  (
    'var-sds-001',
    'prod-sac-a-dos-safran',
    'Safran',
    'Safran',
    '#D9A441',
    'SDS-001',
    6400,
    NULL,
    4,
    true,
    true,
    'published',
    0,
    now (),
    now ()
  ),
  (
    'var-ppm-001',
    'prod-pochette-plate-magenta',
    'Magenta',
    'Magenta',
    '#C2185B',
    'PPM-001',
    4400,
    NULL,
    8,
    true,
    true,
    'published',
    0,
    now (),
    now ()
  ),
  (
    'var-pps-001',
    'prod-pochette-plate-safran',
    'Safran',
    'Safran',
    '#D9A441',
    'PPS-001',
    4400,
    NULL,
    8,
    true,
    true,
    'published',
    0,
    now (),
    now ()
  ),
  (
    'var-tmsr-001',
    'prod-trousse-mini-sac-rouge',
    'Rouge',
    'Rouge',
    '#B23A48',
    'TMSR-001',
    3000,
    NULL,
    12,
    true,
    true,
    'published',
    0,
    now (),
    now ()
  ),
  (
    'var-tmsc-001',
    'prod-trousse-mini-sac-curry',
    'Curry',
    'Curry',
    '#C68A2B',
    'TMSC-001',
    3000,
    NULL,
    11,
    true,
    true,
    'published',
    0,
    now (),
    now ()
  );

INSERT INTO
  product_categories (product_id, category_id, created_at)
VALUES
  (
    'prod-sac-bandouliere-rouge',
    'cat-sacs-a-bandouliere',
    now ()
  ),
  (
    'prod-sac-bandouliere-sky',
    'cat-sacs-a-bandouliere',
    now ()
  ),
  ('prod-mini-sac-rouge', 'cat-mini-sacs', now ()),
  (
    'prod-mini-sac-cappadocia',
    'cat-mini-sacs',
    now ()
  ),
  (
    'prod-mini-sac-santorini',
    'cat-mini-sacs',
    now ()
  ),
  ('prod-mini-sac-fuschia', 'cat-mini-sacs', now ()),
  ('prod-mini-sac-safran', 'cat-mini-sacs', now ()),
  ('prod-sac-a-dos-safran', 'cat-sacs-a-dos', now ()),
  (
    'prod-pochette-plate-magenta',
    'cat-pochettes-trousses',
    now ()
  ),
  (
    'prod-pochette-plate-safran',
    'cat-pochettes-trousses',
    now ()
  ),
  (
    'prod-trousse-mini-sac-rouge',
    'cat-pochettes-trousses',
    now ()
  ),
  (
    'prod-trousse-mini-sac-curry',
    'cat-pochettes-trousses',
    now ()
  );

INSERT INTO
  blog_posts (
    id,
    title,
    slug,
    excerpt,
    content,
    status,
    published_at,
    seo_title,
    seo_description,
    created_at,
    updated_at
  )
VALUES
  (
    'blog-journal-atelier',
    'Journal Atelier',
    'journal-atelier',
    'Dans les coulisses de l''atelier Creatyss, entre matières, gestes et créations.',
    'Dans l''atelier Creatyss, chaque pièce prend le temps d''exister. Entre le choix des matières, la coupe, l''assemblage et les finitions, le fait main impose un rythme juste. Ce journal ouvre une fenêtre sur ce travail patient, sur les inspirations du moment et sur les pièces qui naissent au fil des jours.',
    'published',
    now (),
    'Journal Atelier',
    'Dans les coulisses de l''atelier Creatyss, entre matières, gestes et créations.',
    now (),
    now ()
  ),
  (
    'blog-matieres-details-finitions',
    'Matières, détails et finitions',
    'matieres-details-finitions',
    'Ce qui donne à une pièce artisanale sa tenue, son toucher et son caractère.',
    'Une création réussie tient autant à sa ligne qu''à la qualité de ses détails. Les matières, la souplesse, la tenue, les coutures, les associations de textures et la précision des finitions participent à la personnalité de chaque pièce.',
    'published',
    now () - interval '10 days',
    'Matières, détails et finitions',
    'Ce qui donne à une pièce artisanale sa tenue, son toucher et son caractère.',
    now (),
    now ()
  );

INSERT INTO
  pages (
    id,
    slug,
    title,
    page_type,
    status,
    summary,
    content_json,
    seo_title,
    seo_description,
    is_indexed,
    published_at,
    created_at,
    updated_at
  )
VALUES
  (
    'page-home',
    'home',
    'Accueil',
    'homepage',
    'published',
    'Page d''accueil Creatyss',
    jsonb_build_object (
      'hero',
      jsonb_build_object (
        'title',
        'Des sacs faits main, nulle part ailleurs.',
        'text',
        'Chez Creatyss, chaque pièce est imaginée et réalisée artisanalement dans un esprit de fabrication locale, de soin du détail et d''élégance au quotidien.'
      ),
      'editorial',
      jsonb_build_object (
        'title',
        'L''atelier Creatyss, entre savoir-faire et créations uniques',
        'text',
        'Mini sacs, bandoulières, sacs à dos et pochettes prennent forme dans un travail artisanal attentif aux matières, aux finitions et au juste rythme de fabrication.'
      ),
      'featuredProductSlugs',
      jsonb_build_array (
        'sac-bandouliere-rouge',
        'mini-sac-rouge',
        'mini-sac-cappadocia',
        'mini-sac-santorini'
      ),
      'featuredCategorySlugs',
      jsonb_build_array (
        'sacs-a-main',
        'sacs-a-bandouliere',
        'mini-sacs',
        'pochettes-trousses',
        'sacs-a-dos'
      ),
      'featuredBlogPostSlugs',
      jsonb_build_array ('journal-atelier', 'matieres-details-finitions')
    ),
    'Creatyss — sacs artisanaux faits main',
    'Sacs artisanaux, mini sacs, bandoulières, sacs à dos et pochettes confectionnés avec soin.',
    true,
    now (),
    now (),
    now ()
  );

COMMIT;
